{"roth": {"accidents": [[-86.50796398277062, -86.54515280330882, -86.51037277048216], [-78.71907558462092, -78.70790469898897, -78.7137906243875], [-78.69657220285801, -78.68480037913604, -78.69146663915498]], "ad": [[NaN, NaN, NaN], [NaN, NaN, NaN], [NaN, NaN, NaN]], "baudio": [[-82.39628359375, -82.41801708984374, -82.36101399739583], [-74.88553326822917, -74.88550024414063, -74.88524560546875], [-74.86834446614583, -74.86832958984375, -74.86824690755208]], "bbc": [[NaN, NaN, NaN], [NaN, NaN, NaN], [NaN, NaN, NaN]], "bnetflix": [[-74.73456484375, -74.72922924804688, -74.77188102213542], [-72.40342942708334, -72.39117700195312, -72.44588997395833], [-72.37501370442709, -72.35521435546875, -72.41502278645834]], "book": [[NaN, NaN, NaN], [NaN, NaN, NaN], [NaN, NaN, NaN]], "c20ng": [[NaN, NaN, NaN], [NaN, NaN, NaN], [NaN, NaN, NaN]], "cr52": [[NaN, NaN, NaN], [NaN, NaN, NaN], [NaN, NaN, NaN]], "cwebkb": [[NaN, NaN, NaN], [NaN, NaN, NaN], [NaN, NaN, NaN]], "dna": [[-135.58418090820314, -135.58081787109376, -135.6444135025822], [-133.61366455078124, -133.576396484375, -133.65538048060708], [-130.92287719726562, -130.899345703125, -130.9249224349178]], "jester": [[-74.1359453125, -74.20866064453125, -74.21356987095899], [-72.31589176432291, -72.340748046875, -72.37531834371583], [-72.29359906684027, -72.3167685546875, -72.35346440647967]], "kdd": [[-62.90424128817667, -62.904792146763704, -62.97830688144802], [-49.90673141626918, -49.906731385782756, -49.906732155908045], [-49.906606406920666, -49.90660641808629, -49.90660640131061]], "kosarek": [[-155.53332373595507, -155.51517885358146, -155.54255062031837], [-137.23508046582398, -137.23178930389747, -137.2354362710674], [-137.2243522062266, -137.22066834181882, -137.22476884363297]], "moviereview": [[NaN, NaN, NaN], [NaN, NaN, NaN], [NaN, NaN, NaN]], "msnbc": [[-21.31429052681244, -21.31405749562944, -21.312115945196517], [-17.32779060883821, -17.32801959992339, -17.327746918292902], [-17.327525264003334, -17.32792837323991, -17.327448428985562]], "msweb": [[-231.3601392403451, -231.36504294485857, -231.349769921875], [-209.35774107139065, -209.35771723289372, -209.35773203125], [-209.33861499482015, -209.3386070694763, -209.33861328125]], "nltcs": [[-19.371103534636013, -19.338619028797954, -19.404396236311225], [-16.321352855007415, -16.30150767305575, -16.340426828127413], [-16.317570500980604, -16.300306183130143, -16.33955355008836]], "plants": [[-61.128145918527366, -61.11919285068734, -61.08753149568316], [-53.389672999488276, -53.389585956013036, -53.38978488139898], [-53.10904223360797, -53.10826832032933, -53.1215178058587]], "pumsb_star": [[-123.19885968687561, -123.22706093511086, -123.21346752172971], [-117.09973528800869, -117.0175398987003, -117.11727412412061], [-117.04955584803407, -116.95618653836965, -117.06516423933269]], "tmovie": [[NaN, NaN, NaN], [NaN, NaN, NaN], [NaN, NaN, NaN]], "tretail": [[-114.81119505888883, -114.75581101222133, -114.79539068813982], [-99.13022854823468, -99.12560370375787, -99.13358880127839], [-99.11535414690591, -99.11012453997192, -99.11919311689594]], "voting": [[NaN, NaN, NaN], [NaN, NaN, NaN], [NaN, NaN, NaN]]}, "einet": {"accidents": [[-82.4589548668605, -82.53396541819853, -82.53154553361426], [-39.626599888458465, -39.52961038028493, -39.88471327497182], [-39.04057635175601, -38.911244399126836, -39.197014497990985]], "ad": [[-1291.3558068366517, -1291.3576667622324, -1291.8886042515276], [-83.95010999720643, -87.21211937953937, -83.38473778004074], [-69.19092411938745, -72.95514233323777, -68.59321597345978]], "baudio": [[-77.27529583333333, -77.19874780273437, -77.32862141927083], [-42.22739991861979, -42.050726684570314, -42.29525919596354], [-42.16229158528646, -41.998417846679686, -42.21937841796875]], "bbc": [[-876.3377409244011, -876.7742534722222, -876.4533203125], [-272.8177278255988, -273.1714670138889, -279.95243696732956], [-268.20850018712576, -268.9752842881944, -275.63980527935604]], "bnetflix": [[-75.46489736328125, -75.49231567382813, -75.36564436848958], [-59.59033167317708, -59.56032470703125, -59.62953287760417], [-59.507465592447915, -59.486310791015626, -59.55468668619792]], "book": [[-403.8252447018678, -403.8955878586066, -403.89214122699826], [-35.95687696434986, -35.3740230162047, -36.336149140018506], [-35.58820559446839, -34.89957067902691, -35.99054681603562]], "c20ng": [[-743.9411181152041, -743.2528964781483, -744.2979293969182], [-145.77002597363963, -127.21745768921028, -160.14454344405885], [-144.5103092070309, -126.07670841358927, -159.09738045671162]], "cr52": [[-736.7867116933941, -736.4278787694552, -736.6325322138799], [-112.05637693667953, -106.51646049291708, -102.21555905032467], [-109.5741145454589, -103.85242649182271, -99.42057439630682]], "cwebkb": [[-704.6483517938369, -704.0795460909499, -704.1968204616646], [-169.64163065381956, -178.2127681171595, -174.26966409979116], [-163.86988828933286, -171.82625238015234, -169.55784093451672]], "dna": [[-141.52683776855469, -141.4654345703125, -141.7326894827677], [-99.9803125, -100.21654052734375, -99.99909178040683], [-98.67917175292969, -99.3148583984375, -98.98508642495784]], "jester": [[-77.6439017469618, -77.6429921875, -77.64683379978666], [-55.06398291015625, -55.11853369140625, -54.90585459124358], [-54.887758138020835, -54.89917724609375, -54.67288734428621]], "kdd": [[-48.24461550164291, -48.24279365265526, -48.26398877937929], [-2.455446537016043, -2.452364417737364, -2.223251331642008], [-2.4521949655929234, -2.450188484676708, -2.187298480745822]], "kosarek": [[-147.65111358848316, -147.6545167661517, -147.62073794475654], [-11.44769172262699, -11.525404135028968, -11.352862187646302], [-11.345343625643727, -11.404879109243328, -11.239410944449322]], "moviereview": [[-830.1380322265625, -831.9061197916667, -830.4810625], [-358.2423681640625, -360.47740885416664, -349.5328984375], [-354.41556884765623, -357.50126302083333, -346.0886796875]], "msnbc": [[-12.205316393951037, -12.20793709009667, -12.211183761901777], [-6.22920064048243, -6.238114536641797, -6.23803627395859], [-6.193870797257492, -6.197413878770713, -6.201298390042063]], "msweb": [[-239.1705570502764, -239.14367713111622, -239.155638671875], [-10.99777829211787, -10.888821252478737, -11.076638732910157], [-10.794734091502987, -10.678624443030868, -10.879136193847657]], "nltcs": [[-12.58815133613618, -12.588095405447742, -12.603111370826976], [-6.261767039479656, -6.2351567140596025, -6.264969843427094], [-6.248007570486798, -6.24321510905627, -6.256644193557343]], "plants": [[-53.747043994331314, -53.749517346291334, -53.74870904158889], [-17.5414525020432, -17.782275185509008, -17.792150191778703], [-17.391983935730554, -17.69092193958524, -17.63448572569644]], "pumsb_star": [[-128.6127785934824, -128.52320097477065, -128.55852126452896], [-41.53875016645047, -41.873124223528286, -41.54489150677381], [-40.591864609986644, -40.947915696077025, -40.57018684524113]], "tmovie": [[-393.9282446742374, -394.240337318527, -393.69835289763114], [-66.99714446131051, -69.35828382145621, -65.16174667539129], [-63.125663561698715, -65.7791136895825, -61.49283275830161]], "tretail": [[-111.94889952070857, -111.98389320035952, -111.90126115137782], [-11.207163886059911, -11.371159999528006, -11.331038500998718], [-11.186154422783375, -11.344918767151336, -11.326889726946877]], "voting": [[-1168.611659544893, -1168.0159765625, -1169.2367857142858], [-289.3045350629376, -289.460537109375, -286.6536328125], [-225.13326719683124, -222.80943359375, -224.64161969866072]]}}