{"roth": {"accidents": [[-82.46301003536996, -82.46385627297794, -82.4642522999559], [-77.41987533557376, -77.44047937729779, -77.43117454705262], [-77.31202584132261, -77.34694163602941, -77.3167760498334]], "ad": [[NaN, NaN, NaN], [NaN, NaN, NaN], [NaN, NaN, NaN]], "baudio": [[-74.7821830078125, -74.78270629882813, -74.78185319010417], [-70.94686995442709, -70.9482353515625, -70.96545719401041], [-70.90458079427083, -70.90189990234374, -70.92690348307292]], "bbc": [[NaN, NaN, NaN], [NaN, NaN, NaN], [NaN, NaN, NaN]], "bnetflix": [[-74.8547677734375, -74.8521357421875, -74.85470784505209], [-72.35291197916666, -72.38441284179687, -72.36998779296874], [-72.06719108072916, -72.0621455078125, -72.07146728515625]], "book": [[NaN, NaN, NaN], [NaN, NaN, NaN], [NaN, NaN, NaN]], "c20ng": [[NaN, NaN, NaN], [NaN, NaN, NaN], [NaN, NaN, NaN]], "cr52": [[NaN, NaN, NaN], [NaN, NaN, NaN], [NaN, NaN, NaN]], "cwebkb": [[NaN, NaN, NaN], [NaN, NaN, NaN], [NaN, NaN, NaN]], "dna": [[-130.27942565917968, -130.2817626953125, -130.28176133668845], [-127.56497131347656, -127.55770263671874, -127.54578645394182], [-127.16359497070313, -127.15548828125, -127.14216806755903]], "jester": [[-74.83751432291666, -74.83962109375, -74.83436013565583], [-71.81729448784722, -71.824787109375, -71.81268435108419], [-71.65349696180556, -71.64656787109375, -71.65842217537127]], "kdd": [[-49.964175116594056, -49.96437570138154, -49.964050682350525], [-44.38208659877226, -44.38341648651581, -44.38488623207517], [-44.38180136722438, -44.383209670021756, -44.38400509080872]], "kosarek": [[-137.17399596207866, -137.17383492801966, -137.17358248478465], [-131.76155890098315, -131.76166267995083, -131.75775983146067], [-131.7518971207865, -131.75182167310393, -131.7480685276217]], "moviereview": [[NaN, NaN, NaN], [NaN, NaN, NaN], [NaN, NaN, NaN]], "msnbc": [[-17.19881396348865, -17.19693614546359, -17.19815354431933], [-13.195339445255541, -13.196842868194961, -13.19224458067732], [-13.186461967823954, -13.186558478150422, -13.184579296238093]], "msweb": [[-209.2152129006424, -209.21508475487386, -209.215311328125], [-203.78938667191375, -203.78932500716743, -203.789733203125], [-203.78739911629404, -203.7874883529243, -203.787498046875]], "nltcs": [[-16.652483858141878, -16.65506302608513, -16.65325605206201], [-13.720419694949904, -13.733120963813311, -13.744947652734254], [-13.716683646316957, -13.724402359143197, -13.747442323286247]], "plants": [[-53.4115168867017, -53.41215907618282, -53.411793576787765], [-48.66849263158579, -48.68378311413622, -48.69340466932618], [-48.612318228667505, -48.638168788582846, -48.63069502530873]], "pumsb_star": [[-118.47014364436369, -118.47145719849006, -118.4700591194688], [-113.56488908186878, -113.5590900946101, -113.5577225303961], [-113.49905409942811, -113.48974176342699, -113.49130273915426]], "tmovie": [[NaN, NaN, NaN], [NaN, NaN, NaN], [NaN, NaN, NaN]], "tretail": [[-99.08817209396338, -99.08752383237959, -99.087897132832], [-93.66926016651142, -93.66874288684905, -93.66976366545025], [-93.65497826671033, -93.65531207786441, -93.65570511445809]], "voting": [[NaN, NaN, NaN], [NaN, NaN, NaN], [NaN, NaN, NaN]]}, "einet": {"accidents": [[-85.9204199922965, -85.94587775735295, -85.89802846157144], [-39.051160301379525, -38.975615521599266, -39.30596926220722], [-38.70260715320167, -38.657461511948526, -38.967978913753186]], "ad": [[-1330.4228305312881, -1330.5046588302753, -1330.8925502800407], [-86.33639522647044, -89.31750301629395, -85.95759113257382], [-69.8613168157634, -73.4393310546875, -69.40741749936355]], "baudio": [[-74.30234527994791, -74.29782934570312, -74.36522119140625], [-42.39465875651042, -42.208040161132814, -42.438500651041664], [-42.19570183919271, -41.979583618164064, -42.24853328450521]], "bbc": [[-884.347754491018, -884.4961979166667, -884.6980942234849], [-271.3738643806138, -271.8019205729167, -279.3812278053977], [-268.1219381549401, -268.6249631076389, -276.0273393110796]], "bnetflix": [[-78.029686328125, -78.10593969726563, -77.97182958984375], [-59.65899830729167, -59.67769091796875, -59.71987174479167], [-59.59865869140625, -59.52809521484375, -59.658486490885416]], "book": [[-413.53904768318966, -413.38323211011647, -413.5405444714994], [-35.99358527523348, -35.309558937526965, -36.42112320411336], [-35.515086263020834, -34.87088394494176, -35.986018070617995]], "c20ng": [[-751.2203508257328, -750.9073915714665, -751.7271301723565], [-145.828912268662, -127.38479831545563, -160.44756009854876], [-144.894248822556, -126.29024532370816, -159.5651461107698]], "cr52": [[-748.6583257185778, -749.0271708566391, -748.7446415888799], [-111.75083722443355, -106.38346322501216, -101.8118027724229], [-109.39653285178974, -103.86171927247993, -98.91700391893264]], "cwebkb": [[-698.7485760931368, -698.6776503696236, -698.5342496084427], [-167.97397204428708, -176.41728970654123, -172.17973294861278], [-163.01364736730525, -171.20369903673836, -168.70131113421093]], "dna": [[-139.87412170410155, -140.04802001953124, -139.842824488828], [-99.93580444335937, -100.1056689453125, -100.0037777982715], [-98.39259826660157, -98.97075927734375, -98.73658008800591]], "jester": [[-76.85646940104166, -77.0896142578125, -76.91755277376018], [-54.99411583116319, -54.9254658203125, -54.820319128453555], [-54.79445133463542, -54.85444873046875, -54.638875889013526]], "kdd": [[-53.340816058489374, -53.34441909027368, -53.339584816359874], [-2.472607105768492, -2.4724842448461395, -2.192627913483631], [-2.4506504873156247, -2.4526818925015634, -2.200000439582337]], "kosarek": [[-148.78092383544006, -148.76931541871488, -148.7580162979869], [-11.393728789940308, -11.492270466665204, -11.258641096822332], [-11.306536264483848, -11.38302032127809, -11.209758785404963]], "moviereview": [[-849.24400390625, -849.35984375, -849.956671875], [-356.6417041015625, -359.48029947916666, -347.960140625], [-352.5421923828125, -356.0575390625, -344.253515625]], "msnbc": [[-12.102727467895113, -12.099624926449204, -12.101765803166298], [-6.180453918544606, -6.180239974778777, -6.184689501542488], [-6.184694901990251, -6.188072975130604, -6.18956244512964]], "msweb": [[-246.68096319094758, -246.61732905676607, -246.655598828125], [-10.857720313093745, -10.736496186329319, -10.932069958496093], [-10.746580907611039, -10.629536423989393, -10.843690869140625]], "nltcs": [[-11.780686870433735, -11.756397853916754, -11.774516828275287], [-6.229385229810546, -6.1990750754493, -6.239452659125971], [-6.188206664593963, -6.158326567683885, -6.187427124664722]], "plants": [[-51.73987455431576, -51.69125614716852, -51.713970677322656], [-17.700843690976914, -17.991127076615346, -18.00798473763507], [-17.207224630526284, -17.495594187370408, -17.534392837270246]], "pumsb_star": [[-130.6926514826675, -130.4457500119457, -130.67216872546646], [-42.24604552714943, -42.420484294366396, -42.27572298283289], [-42.03692771303111, -42.147775931168766, -42.03917720228385]], "tmovie": [[-415.51017446880525, -415.08664573928314, -415.72121536590527], [-66.02475760786224, -68.63483587329735, -64.18390853029823], [-62.57601815383061, -65.22426350911458, -60.82402211558799]], "tretail": [[-105.70510271518137, -105.72812149328306, -105.65632057536102], [-11.186303196149806, -11.329339720100833, -11.322506861331892], [-11.129803838695677, -11.267006216445207, -11.264121682154938]], "voting": [[-1160.8394544120677, -1160.3633984375, -1159.961796875], [-277.1000783502368, -272.082333984375, -276.026328125], [-220.26308766699702, -213.672294921875, -221.23972098214287]]}}